tld,provider,currency,amount
5g.in,openprovider,USD,8.13
6g.in,openprovider,USD,8.13
aaa.pro,openprovider,USD,222
abc.br,openprovider,USD,0
abogado,openprovider,USD,29.98
abr.it,openprovider,USD,19.76
abruzzo.it,openprovider,USD,19.76
ac,openprovider,USD,67.5
ac.cn,openprovider,USD,23.54
ac.ke,openprovider,USD,175.91
ac.mu,openprovider,USD,62
ac.ni,openprovider,USD,48
ac.nz,openprovider,USD,0
ac.rw,openprovider,USD,45.84
ac.tz,openprovider,USD,0
ac.vn,openprovider,USD,0
aca.pro,openprovider,USD,222
academy,openprovider,USD,52
accountant,openprovider,USD,38
accountants,openprovider,USD,119
acct.pro,openprovider,USD,222
actor,openprovider,USD,49
adm.ec,openprovider,USD,39.95
adult,openprovider,USD,170.98
adult.ht,openprovider,USD,57
ae,openprovider,USD,0
ae.org,openprovider,USD,30
aero,openprovider,USD,137.51
af,openprovider,USD,116
africa,openprovider,USD,13.98
africa.com,openprovider,USD,27.95
ag,openprovider,USD,150
ag.it,openprovider,USD,19.76
agency,openprovider,USD,28
agrigento.it,openprovider,USD,19.76
agro.pl,openprovider,USD,0
ah.cn,openprovider,USD,33.26
ahmdabad.in,openprovider,USD,8.13
ai,openprovider,USD,109
ai.in,openprovider,USD,8.13
aid.pl,openprovider,USD,0
airforce,openprovider,USD,105
al,openprovider,USD,75
al.it,openprovider,USD,19.76
alessandria.it,openprovider,USD,19.76
alsace,openprovider,USD,74.7
alto-adige.it,openprovider,USD,19.76
altoadige.it,openprovider,USD,19.76
am,openprovider,USD,75
am.in,openprovider,USD,8.13
amsterdam,openprovider,USD,62.31
an.it,openprovider,USD,19.76
ancona.it,openprovider,USD,19.76
andria-barletta-trani.it,openprovider,USD,19.76
andria-trani-barletta.it,openprovider,USD,19.76
andriabarlettatrani.it,openprovider,USD,19.76
andriatranibarletta.it,openprovider,USD,19.76
ao,openprovider,USD,309.7
ao.it,openprovider,USD,19.76
aosta-valley.it,openprovider,USD,19.76
aosta.it,openprovider,USD,19.76
aostavalley.it,openprovider,USD,19.76
aoste.it,openprovider,USD,19.76
ap.it,openprovider,USD,19.76
apartments,openprovider,USD,52
app,openprovider,USD,26.98
aq.it,openprovider,USD,19.76
aquila.it,openprovider,USD,19.76
ar.com,openprovider,USD,35
ar.it,openprovider,USD,19.76
archi,openprovider,USD,115
arezzo.it,openprovider,USD,19.76
army,openprovider,USD,54
art,openprovider,USD,35
art.ec,openprovider,USD,39.95
arts.ro,openprovider,USD,18.56
ascoli-piceno.it,openprovider,USD,19.76
ascolipiceno.it,openprovider,USD,19.76
asia,openprovider,USD,23.58
asn.au,openprovider,USD,0
asn.lv,openprovider,USD,14.87
asso.fr,openprovider,USD,11.4
associates,openprovider,USD,44
asti.it,openprovider,USD,19.76
at,openprovider,USD,0
at.it,openprovider,USD,19.76
at.pr,openprovider,USD,294
atm.pl,openprovider,USD,0
attorney,openprovider,USD,62
au,openprovider,USD,0
auction,openprovider,USD,41
audio,openprovider,USD,200.36
augustow.pl,openprovider,USD,0
auto,openprovider,USD,4000.36
auto.pl,openprovider,USD,0
autos,openprovider,USD,20.98
av.it,openprovider,USD,19.76
avellino.it,openprovider,USD,19.76
avocat.pro,openprovider,USD,270.36
ax,openprovider,USD,71.85
ba.it,openprovider,USD,19.76
babia-gora.pl,openprovider,USD,0
baby,openprovider,USD,100.36
balsan-sudtirol.it,openprovider,USD,19.76
balsan-suedtirol.it,openprovider,USD,19.76
balsan.it,openprovider,USD,19.76
band,openprovider,USD,36
bank,openprovider,USD,1567.9
bar,openprovider,USD,100.36
bar.ec,openprovider,USD,39.95
bar.pro,openprovider,USD,270.36
barcelona,openprovider,USD,49.92
bargains,openprovider,USD,64.8
bari.it,openprovider,USD,19.76
barletta-trani-andria.it,openprovider,USD,19.76
barlettatraniandria.it,openprovider,USD,19.76
bas.it,openprovider,USD,19.76
basilicata.it,openprovider,USD,19.76
basketball,openprovider,USD,80.36
bayern,openprovider,USD,58.59
be,openprovider,USD,9.29
beauty,openprovider,USD,18.98
bedzin.pl,openprovider,USD,0
beer,openprovider,USD,48.98
belem.br,openprovider,USD,0
belluno.it,openprovider,USD,19.76
benevento.it,openprovider,USD,19.76
bergamo.it,openprovider,USD,19.76
berlin,openprovider,USD,89.17
beskidy.pl,openprovider,USD,0
best,openprovider,USD,30.36
bet,openprovider,USD,24.99
bg.it,openprovider,USD,19.76
bh,openprovider,USD,145
bi.it,openprovider,USD,19.76
bialowieza.pl,openprovider,USD,0
bialystok.pl,openprovider,USD,0
bible,openprovider,USD,78.36
bid,openprovider,USD,33
bielawa.pl,openprovider,USD,0
biella.it,openprovider,USD,19.76
bieszczady.pl,openprovider,USD,0
bihar.in,openprovider,USD,8.13
bike,openprovider,USD,48
bingo,openprovider,USD,54
bio,openprovider,USD,63
biz,openprovider,USD,19.98
biz.bh,openprovider,USD,330
biz.in,openprovider,USD,8.13
biz.pl,openprovider,USD,0
biz.ss,openprovider,USD,185.82
biz.vn,openprovider,USD,0
bj,openprovider,USD,0
bj.cn,openprovider,USD,33.26
bl.it,openprovider,USD,19.76
black,openprovider,USD,53.01
blackfriday,openprovider,USD,200.36
blog,openprovider,USD,40.36
blog.br,openprovider,USD,0
blue,openprovider,USD,26.98
bn.it,openprovider,USD,19.76
bo,openprovider,USD,498
bo.it,openprovider,USD,19.76
boats,openprovider,USD,20.98
boleslawiec.pl,openprovider,USD,0
bologna.it,openprovider,USD,19.76
bolzano-altoadige.it,openprovider,USD,19.76
bolzano.it,openprovider,USD,19.76
bond,openprovider,USD,25
boo,openprovider,USD,14.98
boston,openprovider,USD,21
boutique,openprovider,USD,38
bozen-sudtirol.it,openprovider,USD,19.76
bozen-suedtirol.it,openprovider,USD,19.76
bozen.it,openprovider,USD,19.76
br.com,openprovider,USD,66
br.it,openprovider,USD,19.76
brescia.it,openprovider,USD,19.76
brindisi.it,openprovider,USD,19.76
broker,openprovider,USD,42
brussels,openprovider,USD,49.92
bs.it,openprovider,USD,19.76
bt.it,openprovider,USD,19.76
build,openprovider,USD,75
builders,openprovider,USD,45
bulsan-sudtirol.it,openprovider,USD,19.76
bulsan-suedtirol.it,openprovider,USD,19.76
bulsan.it,openprovider,USD,19.76
business,openprovider,USD,20.5
business.in,openprovider,USD,8.13
buzz,openprovider,USD,50.36
bw,openprovider,USD,0
bydgoszcz.pl,openprovider,USD,0
bytom.pl,openprovider,USD,0
bz,openprovider,USD,42
bz.it,openprovider,USD,19.76
bzh,openprovider,USD,87.09
ca,openprovider,USD,19.94
ca.in,openprovider,USD,8.13
ca.it,openprovider,USD,19.76
cab,openprovider,USD,41
cafe,openprovider,USD,59
cagliari.it,openprovider,USD,19.76
cal.it,openprovider,USD,19.76
calabria.it,openprovider,USD,19.76
caltanissetta.it,openprovider,USD,19.76
cam,openprovider,USD,32
cam.it,openprovider,USD,19.76
camera,openprovider,USD,55
camp,openprovider,USD,68
campania.it,openprovider,USD,19.76
campidano-medio.it,openprovider,USD,19.76
campidanomedio.it,openprovider,USD,19.76
campobasso.it,openprovider,USD,19.76
capetown,openprovider,USD,21.41
capital,openprovider,USD,69.99
car,openprovider,USD,2552
carbonia-iglesias.it,openprovider,USD,19.76
carboniaiglesias.it,openprovider,USD,19.76
cards,openprovider,USD,48
care,openprovider,USD,49
career,openprovider,USD,100
careers,openprovider,USD,69.9
carrara-massa.it,openprovider,USD,19.76
carraramassa.it,openprovider,USD,19.76
cars,openprovider,USD,4000.36
casa,openprovider,USD,12.98
case,openprovider,USD,2200
caserta.it,openprovider,USD,19.76
cash,openprovider,USD,51.98
casino,openprovider,USD,155
cat,openprovider,USD,37.15
catania.it,openprovider,USD,19.76
catanzaro.it,openprovider,USD,19.76
catering,openprovider,USD,48
cb.it,openprovider,USD,19.76
cc,openprovider,USD,29.99
cc.bh,openprovider,USD,330
cd,openprovider,USD,95
ce.it,openprovider,USD,19.76
center,openprovider,USD,37
ceo,openprovider,USD,114.98
cesena-forli.it,openprovider,USD,19.76
cesenaforli.it,openprovider,USD,19.76
cf,openprovider,USD,0
cfd,openprovider,USD,25
ch,openprovider,USD,0
ch.it,openprovider,USD,19.76
ch.pr,openprovider,USD,294
channel,openprovider,USD,13.99
charity,openprovider,USD,43.36
chat,openprovider,USD,55
cheap,openprovider,USD,41
chieti.it,openprovider,USD,19.76
christmas,openprovider,USD,60.36
church,openprovider,USD,65
ci,openprovider,USD,142
ci.it,openprovider,USD,19.76
cieszyn.pl,openprovider,USD,0
city,openprovider,USD,29.98
cl,openprovider,USD,13.2
cl.it,openprovider,USD,19.76
claims,openprovider,USD,58
cleaning,openprovider,USD,75
click,openprovider,USD,19.98
clinic,openprovider,USD,65
clothing,openprovider,USD,38
cloud,openprovider,USD,25.98
club,openprovider,USD,16.98
club.tw,openprovider,USD,63.99
cm,openprovider,USD,0
cn,openprovider,USD,32
cn.com,openprovider,USD,60
cn.in,openprovider,USD,8.13
cn.it,openprovider,USD,19.76
co,openprovider,USD,31.98
co.ag,openprovider,USD,100
co.ao,openprovider,USD,350.58
co.at,openprovider,USD,0
co.bi,openprovider,USD,96.63
co.bj,openprovider,USD,54.51
co.bw,openprovider,USD,0
co.bz,openprovider,USD,70
co.ci,openprovider,USD,97
co.cm,openprovider,USD,0
co.com,openprovider,USD,40
co.dm,openprovider,USD,299
co.gg,openprovider,USD,204.4
co.gl,openprovider,USD,92.92
co.gy,openprovider,USD,151
co.hu,openprovider,USD,148.65
co.il,openprovider,USD,130
co.im,openprovider,USD,0
co.in,openprovider,USD,8.13
co.it,openprovider,USD,19.76
co.je,openprovider,USD,235.37
co.ke,openprovider,USD,175.91
co.kr,openprovider,USD,60
co.lc,openprovider,USD,29
co.ma,openprovider,USD,230
co.mg,openprovider,USD,247.14
co.ms,openprovider,USD,129
co.mu,openprovider,USD,62
co.mw,openprovider,USD,210.59
co.mz,openprovider,USD,0
co.nl,openprovider,USD,21
co.no,openprovider,USD,0
co.nz,openprovider,USD,0
co.om,openprovider,USD,183.34
co.pn,openprovider,USD,154.85
co.ro,openprovider,USD,0
co.rw,openprovider,USD,113.97
co.tz,openprovider,USD,0
co.uk,openprovider,USD,0
co.ve,openprovider,USD,98
co.za,openprovider,USD,0
co.zw,openprovider,USD,64.42
coach,openprovider,USD,75.98
codes,openprovider,USD,75
coffee,openprovider,USD,51.9
college,openprovider,USD,95
cologne,openprovider,USD,37.15
com,openprovider,USD,11.98
com.af,openprovider,USD,66.8
com.ag,openprovider,USD,100
com.ai,openprovider,USD,109
com.al,openprovider,USD,75
com.au,openprovider,USD,0
com.bd,openprovider,USD,200
com.bh,openprovider,USD,330
com.bi,openprovider,USD,96.63
com.bj,openprovider,USD,0
com.bo,openprovider,USD,199
com.br,openprovider,USD,0
com.bz,openprovider,USD,70
com.ci,openprovider,USD,150
com.cm,openprovider,USD,0
com.cn,openprovider,USD,36
com.co,openprovider,USD,18.8
com.cv,openprovider,USD,346.86
com.de,openprovider,USD,18.52
com.ec,openprovider,USD,49.95
com.ee,openprovider,USD,0
com.eg,openprovider,USD,371.64
com.es,openprovider,USD,0
com.et,openprovider,USD,408.8
com.ge,openprovider,USD,148.65
com.gh,openprovider,USD,0
com.gi,openprovider,USD,175.91
com.gl,openprovider,USD,92.92
com.gr,openprovider,USD,0
com.gt,openprovider,USD,0
com.gy,openprovider,USD,151
com.hk,openprovider,USD,0
com.hn,openprovider,USD,87
com.ht,openprovider,USD,57
com.im,openprovider,USD,0
com.in,openprovider,USD,8.13
com.ki,openprovider,USD,87.85
com.ky,openprovider,USD,98.81
com.kz,openprovider,USD,43
com.lc,openprovider,USD,29
com.lk,openprovider,USD,0
com.lv,openprovider,USD,14.87
com.ly,openprovider,USD,121
com.mg,openprovider,USD,156.09
com.mk,openprovider,USD,0
com.ms,openprovider,USD,129
com.mt,openprovider,USD,61.93
com.mu,openprovider,USD,62
com.mw,openprovider,USD,210.59
com.mx,openprovider,USD,35.98
com.nf,openprovider,USD,0
com.ng,nira,NGN,6000
com.ng,nira,USD,4.42
com.om,openprovider,USD,183.34
com.pa,openprovider,USD,150
com.pe,openprovider,USD,110
com.ph,openprovider,USD,29.98
com.pk,openprovider,USD,85.5
com.pl,openprovider,USD,0
com.ps,openprovider,USD,65
com.pt,openprovider,USD,0
com.py,openprovider,USD,180
com.ro,openprovider,USD,18.56
com.sb,openprovider,USD,120.24
com.sc,openprovider,USD,160
com.se,openprovider,USD,27.19
com.sg,openprovider,USD,80
com.so,openprovider,USD,0
com.ss,openprovider,USD,178.39
com.tl,openprovider,USD,74.33
com.tn,openprovider,USD,230.41
com.tw,openprovider,USD,63.99
com.ua,openprovider,USD,40
com.ug,openprovider,USD,0
com.uy,openprovider,USD,180
com.vc,openprovider,USD,51
com.ve,openprovider,USD,49
com.vn,openprovider,USD,0
com.vu,openprovider,USD,97
community,openprovider,USD,49.98
como.it,openprovider,USD,19.76
company,openprovider,USD,24.5
compare,openprovider,USD,45
computer,openprovider,USD,48
condos,openprovider,USD,57
conf.lv,openprovider,USD,14.87
construction,openprovider,USD,48
consulting,openprovider,USD,56.9
contact,openprovider,USD,27
contractors,openprovider,USD,39
cooking,openprovider,USD,48.98
cool,openprovider,USD,55
coop,openprovider,USD,180
coop.in,openprovider,USD,8.13
corsica,openprovider,USD,61.94
cosenza.it,openprovider,USD,19.76
country,openprovider,USD,2200
coupons,openprovider,USD,55
courses,openprovider,USD,49.98
cpa.pro,openprovider,USD,226
cq.cn,openprovider,USD,33.26
cr.it,openprovider,USD,19.76
credit,openprovider,USD,105
creditcard,openprovider,USD,135.5
creditunion,openprovider,USD,126
cremona.it,openprovider,USD,19.76
cricket,openprovider,USD,38
crotone.it,openprovider,USD,19.76
cruises,openprovider,USD,57
cs.in,openprovider,USD,8.13
cs.it,openprovider,USD,19.76
ct.it,openprovider,USD,19.76
cue.ec,openprovider,USD,39.95
cuneo.it,openprovider,USD,19.76
cv,openprovider,USD,346.86
cx,openprovider,USD,38
cymru,openprovider,USD,27.08
cyou,openprovider,USD,25
cz,openprovider,USD,0
cz.it,openprovider,USD,19.76
czeladz.pl,openprovider,USD,0
czest.pl,openprovider,USD,0
dad,openprovider,USD,12
dance,openprovider,USD,32
date,openprovider,USD,33
dating,openprovider,USD,65
day,openprovider,USD,14.98
de,openprovider,USD,5.76
de.com,openprovider,USD,34.62
de.pr,openprovider,USD,294
dealer,openprovider,USD,2400
deals,openprovider,USD,48
degree,openprovider,USD,54.9
delhi.in,openprovider,USD,8.13
delivery,openprovider,USD,68
dell-ogliastra.it,openprovider,USD,19.76
dellogliastra.it,openprovider,USD,19.76
democrat,openprovider,USD,48
dental,openprovider,USD,75
dentist,openprovider,USD,60
desi,openprovider,USD,24.36
design,openprovider,USD,45
dev,openprovider,USD,23.98
diamonds,openprovider,USD,55
diet,openprovider,USD,200.36
digital,openprovider,USD,47
direct,openprovider,USD,50
directory,openprovider,USD,27.99
disco.ec,openprovider,USD,39.95
discount,openprovider,USD,39
diy,openprovider,USD,45
dj,openprovider,USD,123.88
dk,openprovider,USD,0
dlugoleka.pl,openprovider,USD,0
doc.ec,openprovider,USD,39.95
doctor,openprovider,USD,119
dog,openprovider,USD,65
domains,openprovider,USD,47
download,openprovider,USD,33
dr.in,openprovider,USD,8.13
durban,openprovider,USD,21.41
earth,openprovider,USD,30.36
ebiz.tw,openprovider,USD,63.99
ec,openprovider,USD,49.95
eco,openprovider,USD,100.36
eco.bj,openprovider,USD,54.51
edu.bh,openprovider,USD,330
edu.bi,openprovider,USD,96.63
edu.es,openprovider,USD,0
edu.gh,openprovider,USD,0
edu.gl,openprovider,USD,92.92
edu.gr,openprovider,USD,0
edu.hn,openprovider,USD,117.69
edu.lk,openprovider,USD,0
edu.lv,openprovider,USD,14.87
edu.mk,openprovider,USD,0
edu.mu,openprovider,USD,62
edu.mx,openprovider,USD,70
edu.ng,nira,NGN,6000
edu.ng,openprovider,USD,0
edu.pl,openprovider,USD,0
edu.vn,openprovider,USD,0
edu.vu,openprovider,USD,135
education,openprovider,USD,40
elblag.pl,openprovider,USD,0
elk.pl,openprovider,USD,0
email,openprovider,USD,35
emilia-romagna.it,openprovider,USD,19.76
emiliaromagna.it,openprovider,USD,19.76
emp.br,openprovider,USD,0
emr.it,openprovider,USD,19.76
en.it,openprovider,USD,19.76
energy,openprovider,USD,119
eng.pro,openprovider,USD,226
engineer,openprovider,USD,48
engineering,openprovider,USD,66
enna.it,openprovider,USD,19.76
enterprises,openprovider,USD,45
equipment,openprovider,USD,29
er.in,openprovider,USD,8.13
es,openprovider,USD,0
esp.br,openprovider,USD,0
esq,openprovider,USD,24
estate,openprovider,USD,48
et,openprovider,USD,699.92
eu,openprovider,USD,14.84
eu.com,openprovider,USD,34.62
eu.pr,openprovider,USD,294
eus,openprovider,USD,83.94
events,openprovider,USD,55
exchange,openprovider,USD,48
expert,openprovider,USD,59
exposed,openprovider,USD,32
express,openprovider,USD,48
fail,openprovider,USD,51.98
faith,openprovider,USD,33
family,openprovider,USD,53
fan,openprovider,USD,55
fans,openprovider,USD,34
far.br,openprovider,USD,0
farm,openprovider,USD,48
fashion,openprovider,USD,48.98
fc.it,openprovider,USD,19.76
fe.it,openprovider,USD,19.76
feedback,openprovider,USD,40.36
fermo.it,openprovider,USD,19.76
ferrara.it,openprovider,USD,19.76
fg.it,openprovider,USD,19.76
fi,openprovider,USD,28.48
fi.it,openprovider,USD,19.76
fie.ee,openprovider,USD,0
film,openprovider,USD,120.36
fin.ec,openprovider,USD,48
finance,openprovider,USD,65
financial,openprovider,USD,57
firenze.it,openprovider,USD,19.76
firm.in,openprovider,USD,8.13
firm.ro,openprovider,USD,18.56
fish,openprovider,USD,49
fishing,openprovider,USD,48.98
fit,openprovider,USD,33
fitness,openprovider,USD,47
fj.cn,openprovider,USD,33.26
flights,openprovider,USD,58
florence.it,openprovider,USD,19.76
floripa.br,openprovider,USD,0
florist,openprovider,USD,38
flowers,openprovider,USD,200.36
fm,openprovider,USD,130
fm.it,openprovider,USD,19.76
fo,openprovider,USD,71.35
foggia.it,openprovider,USD,19.76
foo,openprovider,USD,12
food,openprovider,USD,45
football,openprovider,USD,27.98
forex,openprovider,USD,60.36
forli-cesena.it,openprovider,USD,19.76
forlicesena.it,openprovider,USD,19.76
forsale,openprovider,USD,41
forum,openprovider,USD,50
fot.ec,openprovider,USD,39.95
foundation,openprovider,USD,43.36
fr,openprovider,USD,8.61
fr.it,openprovider,USD,19.76
fr.pr,openprovider,USD,294
friuli-v-giulia.it,openprovider,USD,19.76
friuli-ve-giulia.it,openprovider,USD,19.76
friuli-vegiulia.it,openprovider,USD,19.76
friuli-venezia-giulia.it,openprovider,USD,19.76
friuli-veneziagiulia.it,openprovider,USD,19.76
friuli-vgiulia.it,openprovider,USD,19.76
friuliv-giulia.it,openprovider,USD,19.76
friulive-giulia.it,openprovider,USD,19.76
friulivegiulia.it,openprovider,USD,19.76
friulivenezia-giulia.it,openprovider,USD,19.76
friuliveneziagiulia.it,openprovider,USD,19.76
friulivgiulia.it,openprovider,USD,19.76
frl,openprovider,USD,62.31
frosinone.it,openprovider,USD,19.76
fun,openprovider,USD,37.98
fund,openprovider,USD,69.99
furniture,openprovider,USD,95
futbol,openprovider,USD,28
fvg.it,openprovider,USD,19.76
fyi,openprovider,USD,18
ga,openprovider,USD,0
gal,openprovider,USD,89.56
gal.ec,openprovider,USD,39.95
gallery,openprovider,USD,35
game,openprovider,USD,600.36
game.tw,openprovider,USD,63.99
games,openprovider,USD,39.98
garden,openprovider,USD,48.98
gay,openprovider,USD,49.98
gb.com,openprovider,USD,56.87
gb.net,openprovider,USD,22.73
gd,openprovider,USD,63.2
gd.cn,openprovider,USD,33.26
gdn,openprovider,USD,11.99
ge,openprovider,USD,148.65
ge.it,openprovider,USD,19.76
geek.nz,openprovider,USD,0
gen.in,openprovider,USD,8.13
gen.nz,openprovider,USD,0
genoa.it,openprovider,USD,19.76
genova.it,openprovider,USD,19.76
gent,openprovider,USD,53.26
gf,openprovider,USD,111.49
gg,openprovider,USD,204.4
gi,openprovider,USD,175.91
gift,openprovider,USD,19.98
gifts,openprovider,USD,41
gives,openprovider,USD,43.36
giving,openprovider,USD,26
gl,openprovider,USD,92.92
glass,openprovider,USD,76
global,openprovider,USD,115
glogow.pl,openprovider,USD,0
gmbh,openprovider,USD,49.98
gmina.pl,openprovider,USD,0
gniezno.pl,openprovider,USD,0
go.it,openprovider,USD,19.76
go.ke,openprovider,USD,227.94
go.tz,openprovider,USD,0
gob.es,openprovider,USD,0
gob.mx,openprovider,USD,70
gold,openprovider,USD,99
golf,openprovider,USD,65
gorizia.it,openprovider,USD,19.76
gorlice.pl,openprovider,USD,0
gov.gh,openprovider,USD,0
gov.ng,openprovider,USD,55.75
gov.vn,openprovider,USD,0
gq,openprovider,USD,92.91
gr,openprovider,USD,0
gr.com,openprovider,USD,32.15
gr.it,openprovider,USD,19.76
grajewo.pl,openprovider,USD,0
graphics,openprovider,USD,24.99
gratis,openprovider,USD,27.99
green,openprovider,USD,69
gripe,openprovider,USD,19
grosseto.it,openprovider,USD,19.76
group,openprovider,USD,27.98
gs,openprovider,USD,48.95
gs.cn,openprovider,USD,33.26
gsm.pl,openprovider,USD,0
gt,openprovider,USD,0
guide,openprovider,USD,47
guitars,openprovider,USD,200.36
gujarat.in,openprovider,USD,8.13
guru,openprovider,USD,49
gw,openprovider,USD,30.97
gx.cn,openprovider,USD,33.26
gy,openprovider,USD,151
gye.ec,openprovider,USD,39.95
gz.cn,openprovider,USD,33.26
ha.cn,openprovider,USD,33.26
hair,openprovider,USD,20.98
hamburg,openprovider,USD,82.13
haus,openprovider,USD,42
hb.cn,openprovider,USD,33.26
he.cn,openprovider,USD,33.26
health,openprovider,USD,109.98
health.vn,openprovider,USD,0
healthcare,openprovider,USD,88
help,openprovider,USD,35.98
hi.cn,openprovider,USD,33.26
hiphop,openprovider,USD,35
hiv,openprovider,USD,358.36
hk,openprovider,USD,0
hk.cn,openprovider,USD,33.26
hl.cn,openprovider,USD,33.26
hn,openprovider,USD,0
hn.cn,openprovider,USD,33.26
hockey,openprovider,USD,59
holdings,openprovider,USD,65
holiday,openprovider,USD,65
homes,openprovider,USD,20.98
horse,openprovider,USD,48.98
hospital,openprovider,USD,58
host,openprovider,USD,109.98
hosting,openprovider,USD,600.36
hotel.tz,openprovider,USD,0
house,openprovider,USD,49
how,openprovider,USD,40.36
ht,openprovider,USD,180.5
hu,openprovider,USD,148.65
hu.com,openprovider,USD,56.98
hu.net,openprovider,USD,56.98
i.ng,nira,NGN,6000
i.ng,openprovider,USD,0
icu,openprovider,USD,25
id.au,openprovider,USD,0
id.lv,openprovider,USD,14.87
idv.hk,openprovider,USD,0
idv.tw,openprovider,USD,63.99
ie,openprovider,USD,61.93
iglesias-carbonia.it,openprovider,USD,19.76
iglesiascarbonia.it,openprovider,USD,19.76
ilawa.pl,openprovider,USD,0
im,openprovider,USD,0
im.it,openprovider,USD,19.76
immo,openprovider,USD,40
immobilien,openprovider,USD,43
imperia.it,openprovider,USD,19.76
in,openprovider,USD,8.13
in.net,openprovider,USD,21.95
inc,openprovider,USD,4000.36
ind.br,openprovider,USD,0
ind.gt,openprovider,USD,0
ind.in,openprovider,USD,8.13
industries,openprovider,USD,51.5
inf.mk,openprovider,USD,0
info,openprovider,USD,26.98
info.au,openprovider,USD,0
info.bh,openprovider,USD,330
info.bi,openprovider,USD,128.83
info.bj,openprovider,USD,54.51
info.ec,openprovider,USD,49.95
info.ht,openprovider,USD,57
info.in,openprovider,USD,8.13
info.ke,openprovider,USD,175.91
info.pl,openprovider,USD,0
info.ro,openprovider,USD,18.56
info.tz,openprovider,USD,0
info.vn,openprovider,USD,0
ing,openprovider,USD,12
ink,openprovider,USD,39.98
institute,openprovider,USD,32
insurance,openprovider,USD,1567.9
insure,openprovider,USD,69
int.in,openprovider,USD,8.13
int.vn,openprovider,USD,0
international,openprovider,USD,36
internet.in,openprovider,USD,8.13
investments,openprovider,USD,125
io,openprovider,USD,74.98
io.in,openprovider,USD,8.13
iq,openprovider,USD,412
irish,openprovider,USD,32
is.it,openprovider,USD,19.76
isernia.it,openprovider,USD,19.76
ist,openprovider,USD,24.36
istanbul,openprovider,USD,30.36
it,openprovider,USD,19.81
it.ao,openprovider,USD,350.58
it.com,openprovider,USD,31.9
it.pr,openprovider,USD,294
jampa.br,openprovider,USD,0
jaworzno.pl,openprovider,USD,0
je,openprovider,USD,235.37
jelenia-gora.pl,openprovider,USD,0
jetzt,openprovider,USD,28
jewelry,openprovider,USD,65
jgora.pl,openprovider,USD,0
jl.cn,openprovider,USD,33.26
jobs,openprovider,USD,199
joburg,openprovider,USD,21.41
jp,openprovider,USD,0
jp.net,openprovider,USD,21.95
jpn.com,openprovider,USD,60
js.cn,openprovider,USD,33.26
juegos,openprovider,USD,600.36
jur.pro,openprovider,USD,270.36
jx.cn,openprovider,USD,33.26
k12.ec,openprovider,USD,39.95
kalisz.pl,openprovider,USD,0
karpacz.pl,openprovider,USD,0
kartuzy.pl,openprovider,USD,0
kaszuby.pl,openprovider,USD,0
katowice.pl,openprovider,USD,0
kaufen,openprovider,USD,46
kazimierz-dolny.pl,openprovider,USD,0
ke,openprovider,USD,39
kepno.pl,openprovider,USD,0
ketrzyn.pl,openprovider,USD,0
ki,openprovider,USD,146.41
kids,openprovider,USD,25
kiev.ua,openprovider,USD,95
kim,openprovider,USD,21
kitchen,openprovider,USD,65
kiwi,openprovider,USD,31.71
kiwi.nz,openprovider,USD,0
klodzko.pl,openprovider,USD,0
kobierzyce.pl,openprovider,USD,0
koeln,openprovider,USD,37.15
kolobrzeg.pl,openprovider,USD,0
konin.pl,openprovider,USD,0
konskowola.pl,openprovider,USD,0
kr,openprovider,USD,60
kr.com,openprovider,USD,35
kr.it,openprovider,USD,19.76
krd,openprovider,USD,100.36
kutno.pl,openprovider,USD,0
ky,openprovider,USD,98.81
kyiv.ua,openprovider,USD,95
kyoto,openprovider,USD,73.61
l.lc,openprovider,USD,29
la,openprovider,USD,52.5
la-spezia.it,openprovider,USD,19.76
land,openprovider,USD,47
lapy.pl,openprovider,USD,0
laquila.it,openprovider,USD,19.76
laspezia.it,openprovider,USD,19.76
lat,openprovider,USD,45.98
latina.it,openprovider,USD,19.76
law,openprovider,USD,159.98
law.pro,openprovider,USD,222
lawyer,openprovider,USD,62
laz.it,openprovider,USD,19.76
lazio.it,openprovider,USD,19.76
lc,openprovider,USD,37
lc.it,openprovider,USD,19.76
le.it,openprovider,USD,19.76
lease,openprovider,USD,80
lebork.pl,openprovider,USD,0
lecce.it,openprovider,USD,19.76
lecco.it,openprovider,USD,19.76
legal,openprovider,USD,69.99
legnica.pl,openprovider,USD,0
lezajsk.pl,openprovider,USD,0
lgbt,openprovider,USD,75
li,openprovider,USD,0
li.it,openprovider,USD,19.76
life,openprovider,USD,42
lifestyle,openprovider,USD,45
lig.it,openprovider,USD,19.76
lighting,openprovider,USD,24.99
liguria.it,openprovider,USD,19.76
limanowa.pl,openprovider,USD,0
limited,openprovider,USD,41
limo,openprovider,USD,59
link,openprovider,USD,18
live,openprovider,USD,38
living,openprovider,USD,45
livorno.it,openprovider,USD,19.76
lk,openprovider,USD,0
llc,openprovider,USD,49
ln.cn,openprovider,USD,33.26
lo.it,openprovider,USD,19.76
loan,openprovider,USD,33
loans,openprovider,USD,119
lodi.it,openprovider,USD,19.76
loj.ec,openprovider,USD,39.95
lol,openprovider,USD,45.98
lom.it,openprovider,USD,19.76
lombardia.it,openprovider,USD,19.76
lombardy.it,openprovider,USD,19.76
lomza.pl,openprovider,USD,0
london,openprovider,USD,57.44
lotto,openprovider,USD,1791
love,openprovider,USD,40.36
lowicz.pl,openprovider,USD,0
ls,openprovider,USD,126.86
lt,openprovider,USD,0
lt.it,openprovider,USD,19.76
ltd,openprovider,USD,35
ltd.gi,openprovider,USD,175.91
ltd.uk,openprovider,USD,0
ltda,openprovider,USD,56.36
lu,openprovider,USD,37.1
lu.it,openprovider,USD,19.76
lubin.pl,openprovider,USD,0
lucania.it,openprovider,USD,19.76
lucca.it,openprovider,USD,19.76
lukow.pl,openprovider,USD,0
luxe,openprovider,USD,19.98
luxury,openprovider,USD,50.36
lv,openprovider,USD,0
ma,openprovider,USD,284.92
macapa.br,openprovider,USD,0
macerata.it,openprovider,USD,19.76
madrid,openprovider,USD,61.94
mail.pl,openprovider,USD,0
maison,openprovider,USD,57
makeup,openprovider,USD,18.98
malbork.pl,openprovider,USD,0
malopolska.pl,openprovider,USD,0
management,openprovider,USD,27.98
mantova.it,openprovider,USD,19.76
maori.nz,openprovider,USD,0
mar.it,openprovider,USD,19.76
marche.it,openprovider,USD,19.76
market,openprovider,USD,49.5
marketing,openprovider,USD,47
markets,openprovider,USD,30
massa-carrara.it,openprovider,USD,19.76
massacarrara.it,openprovider,USD,19.76
matera.it,openprovider,USD,19.76
mazowsze.pl,openprovider,USD,0
mazury.pl,openprovider,USD,0
mb.it,openprovider,USD,19.76
mba,openprovider,USD,48
mc.it,openprovider,USD,19.76
me,openprovider,USD,22.29
me.bh,openprovider,USD,330
me.in,openprovider,USD,8.13
me.it,openprovider,USD,19.76
me.ke,openprovider,USD,59
me.ss,openprovider,USD,185.82
me.tz,openprovider,USD,0
me.uk,openprovider,USD,0
med.ec,openprovider,USD,70
med.ee,openprovider,USD,0
med.pro,openprovider,USD,222
media,openprovider,USD,51.5
media.pl,openprovider,USD,0
medio-campidano.it,openprovider,USD,19.76
mediocampidano.it,openprovider,USD,19.76
melbourne,openprovider,USD,73.21
meme,openprovider,USD,12
memorial,openprovider,USD,49
men,openprovider,USD,33
menu,openprovider,USD,50.36
messina.it,openprovider,USD,19.76
mex.com,openprovider,USD,25.95
mg,openprovider,USD,156.09
mi.it,openprovider,USD,19.76
miami,openprovider,USD,26
miasta.pl,openprovider,USD,0
mielec.pl,openprovider,USD,0
mielno.pl,openprovider,USD,0
mil.pl,openprovider,USD,0
mil.tz,openprovider,USD,0
milan.it,openprovider,USD,19.76
milano.it,openprovider,USD,19.76
mk,openprovider,USD,0
mn,openprovider,USD,82.99
mn.it,openprovider,USD,19.76
mo.bi,openprovider,USD,128.83
mo.cn,openprovider,USD,33.26
mo.it,openprovider,USD,19.76
mobi,openprovider,USD,59.98
mobi.ke,openprovider,USD,59
mobi.ng,nira,NGN,6000
mobi.ng,nira,USD,4.42
mobi.tz,openprovider,USD,0
moda,openprovider,USD,47
modena.it,openprovider,USD,19.76
moe,openprovider,USD,24.36
mol.it,openprovider,USD,19.76
molise.it,openprovider,USD,19.76
mom,openprovider,USD,50.36
money,openprovider,USD,27.6
monster,openprovider,USD,20.98
monza-brianza.it,openprovider,USD,19.76
monza-e-della-brianza.it,openprovider,USD,19.76
monza.it,openprovider,USD,19.76
monzabrianza.it,openprovider,USD,19.76
monzaebrianza.it,openprovider,USD,19.76
monzaedellabrianza.it,openprovider,USD,19.76
mortgage,openprovider,USD,62
moscow,openprovider,USD,18.58
motorcycles,openprovider,USD,18.98
mov,openprovider,USD,12
movie,openprovider,USD,295
mq,openprovider,USD,111.49
mr,openprovider,USD,52
mragowo.pl,openprovider,USD,0
ms,openprovider,USD,129
ms.it,openprovider,USD,19.76
mt,openprovider,USD,245.28
mt.it,openprovider,USD,19.76
mu,openprovider,USD,150
museum,openprovider,USD,123.63
music,openprovider,USD,45
mx,openprovider,USD,48.98
na.it,openprovider,USD,19.76
nagoya,openprovider,USD,13.58
naklo.pl,openprovider,USD,0
name,openprovider,USD,20
name.bh,openprovider,USD,330
name.ng,nira,NGN,400
name.ng,nira,USD,0.29
name.vn,openprovider,USD,0
naples.it,openprovider,USD,19.76
napoli.it,openprovider,USD,19.76
navy,openprovider,USD,47
ne.ke,openprovider,USD,175.91
ne.kr,openprovider,USD,60
ne.tz,openprovider,USD,0
net,openprovider,USD,19.99
net.af,openprovider,USD,66.8
net.ag,openprovider,USD,100
net.ai,openprovider,USD,109
net.al,openprovider,USD,75
net.ar,openprovider,USD,0
net.au,openprovider,USD,0
net.bd,openprovider,USD,126
net.bh,openprovider,USD,330
net.bj,openprovider,USD,54.51
net.bo,openprovider,USD,50
net.br,openprovider,USD,0
net.bw,openprovider,USD,0
net.bz,openprovider,USD,70
net.cm,openprovider,USD,99
net.cn,openprovider,USD,33.26
net.co,openprovider,USD,18.8
net.ec,openprovider,USD,49.95
net.ge,openprovider,USD,148.65
net.gg,openprovider,USD,204.4
net.gl,openprovider,USD,92.92
net.gr,openprovider,USD,0
net.gt,openprovider,USD,0
net.gy,openprovider,USD,151
net.hk,openprovider,USD,0
net.hn,openprovider,USD,122
net.ht,openprovider,USD,57
net.im,openprovider,USD,0
net.in,openprovider,USD,8.13
net.je,openprovider,USD,235.37
net.ki,openprovider,USD,81.99
net.ky,openprovider,USD,98.81
net.lc,openprovider,USD,29
net.lv,openprovider,USD,14.87
net.ma,openprovider,USD,141
net.mg,openprovider,USD,247.14
net.mk,openprovider,USD,0
net.mt,openprovider,USD,61.93
net.mu,openprovider,USD,62
net.mx,openprovider,USD,35.98
net.mz,openprovider,USD,0
net.nf,openprovider,USD,0
net.ng,nira,NGN,6000
net.ng,nira,USD,4.42
net.nz,openprovider,USD,0
net.om,openprovider,USD,183.34
net.pe,openprovider,USD,110
net.ph,openprovider,USD,29.98
net.pk,openprovider,USD,56
net.pl,openprovider,USD,0
net.pn,openprovider,USD,245.28
net.ps,openprovider,USD,65
net.rw,openprovider,USD,59.46
net.sb,openprovider,USD,120.24
net.sc,openprovider,USD,160
net.sg,openprovider,USD,0
net.so,openprovider,USD,0
net.ss,openprovider,USD,185.82
net.tt,openprovider,USD,78.66
net.tw,openprovider,USD,64.42
net.vc,openprovider,USD,51
net.vn,openprovider,USD,0
net.vu,openprovider,USD,135
net.za,openprovider,USD,0
network,openprovider,USD,40
new,openprovider,USD,800.36
news,openprovider,USD,38
nexus,openprovider,USD,12
nf,openprovider,USD,137
ng,nira,NGN,13000
ng,nira,USD,9.57
ngo,openprovider,USD,30
nieruchomosci.pl,openprovider,USD,0
ninja,openprovider,USD,31
nl,openprovider,USD,0
nl.pr,openprovider,USD,294
nlm,openprovider,USD,2.09
nm.cn,openprovider,USD,33.26
no,openprovider,USD,26.88
no.com,openprovider,USD,56.98
no.it,openprovider,USD,19.76
nom.ag,openprovider,USD,100
nom.co,openprovider,USD,18.8
nom.es,openprovider,USD,0
nom.fr,openprovider,USD,61.94
nom.mu,openprovider,USD,62
nom.pe,openprovider,USD,245.28
nom.pl,openprovider,USD,0
nom.ro,openprovider,USD,18.56
novara.it,openprovider,USD,19.76
nowaruda.pl,openprovider,USD,0
nowruz,openprovider,USD,40
nrw,openprovider,USD,86.7
nt.ro,openprovider,USD,18.56
nu,openprovider,USD,0
nu.it,openprovider,USD,19.76
nuoro.it,openprovider,USD,19.76
nx.cn,openprovider,USD,33.26
nyc,openprovider,USD,45.98
nysa.pl,openprovider,USD,0
nz,openprovider,USD,0
observer,openprovider,USD,23
off.ai,openprovider,USD,109
og.it,openprovider,USD,19.76
ogliastra.it,openprovider,USD,19.76
okinawa,openprovider,USD,13.58
olawa.pl,openprovider,USD,0
olbia-tempio.it,openprovider,USD,19.76
olbiatempio.it,openprovider,USD,19.76
olecko.pl,openprovider,USD,0
olkusz.pl,openprovider,USD,0
olsztyn.pl,openprovider,USD,0
one,openprovider,USD,35.99
ong,openprovider,USD,30
onl,openprovider,USD,29.98
online,openprovider,USD,29.98
ooo,openprovider,USD,40.34
opoczno.pl,openprovider,USD,0
opole.pl,openprovider,USD,0
or.at,openprovider,USD,0
or.bi,openprovider,USD,96.63
or.it,openprovider,USD,19.76
or.ke,openprovider,USD,43
or.kr,openprovider,USD,60
or.mu,openprovider,USD,62
or.tz,openprovider,USD,0
org,openprovider,USD,19.99
org.af,openprovider,USD,66.8
org.ag,openprovider,USD,100
org.ai,openprovider,USD,109
org.al,openprovider,USD,75
org.au,openprovider,USD,0
org.bh,openprovider,USD,330
org.bi,openprovider,USD,96.63
org.bj,openprovider,USD,54.51
org.bo,openprovider,USD,74
org.br,openprovider,USD,0
org.bw,openprovider,USD,0
org.cn,openprovider,USD,33.26
org.es,openprovider,USD,0
org.ge,openprovider,USD,148.65
org.gg,openprovider,USD,204.4
org.gh,openprovider,USD,0
org.gi,openprovider,USD,175.91
org.gl,openprovider,USD,92.92
org.gr,openprovider,USD,0
org.gt,openprovider,USD,0
org.hk,openprovider,USD,0
org.hn,openprovider,USD,122
org.ht,openprovider,USD,57
org.il,openprovider,USD,130
org.im,openprovider,USD,0
org.in,openprovider,USD,8.13
org.je,openprovider,USD,235.37
org.ki,openprovider,USD,81.99
org.ky,openprovider,USD,98.81
org.kz,openprovider,USD,60
org.lc,openprovider,USD,29
org.lk,openprovider,USD,0
org.lv,openprovider,USD,14.87
org.ma,openprovider,USD,230
org.mg,openprovider,USD,156.09
org.mk,openprovider,USD,0
org.ms,openprovider,USD,129
org.mt,openprovider,USD,26
org.mu,openprovider,USD,62
org.mx,openprovider,USD,35.98
org.mz,openprovider,USD,0
org.nf,openprovider,USD,0
org.ng,nira,NGN,6000
org.ng,nira,USD,4.42
org.nz,openprovider,USD,0
org.om,openprovider,USD,183.34
org.pe,openprovider,USD,110
org.ph,openprovider,USD,29.98
org.pk,openprovider,USD,85.5
org.pl,openprovider,USD,0
org.pn,openprovider,USD,245.28
org.ps,openprovider,USD,65
org.pt,openprovider,USD,0
org.ro,openprovider,USD,18.56
org.rs,openprovider,USD,120
org.rw,openprovider,USD,113.97
org.sb,openprovider,USD,120.24
org.sc,openprovider,USD,160
org.sg,openprovider,USD,75.56
org.so,openprovider,USD,0
org.tt,openprovider,USD,78.66
org.tw,openprovider,USD,63.99
org.ua,openprovider,USD,30
org.uk,openprovider,USD,0
org.uz,openprovider,USD,0
org.vc,openprovider,USD,51
org.vn,openprovider,USD,0
org.vu,openprovider,USD,97
org.za,openprovider,USD,0
org.zw,openprovider,USD,96.63
organic,openprovider,USD,79
oristano.it,openprovider,USD,19.76
osaka,openprovider,USD,50.36
ostroda.pl,openprovider,USD,0
ostroleka.pl,openprovider,USD,0
ostrowiec.pl,openprovider,USD,0
ostrowwlkp.pl,openprovider,USD,0
ot.it,openprovider,USD,19.76
p.lc,openprovider,USD,29
pa,openprovider,USD,43
pa.it,openprovider,USD,19.76
padova.it,openprovider,USD,19.76
padua.it,openprovider,USD,19.76
page,openprovider,USD,21.98
palermo.it,openprovider,USD,19.76
paris,openprovider,USD,82.97
parma.it,openprovider,USD,19.76
partners,openprovider,USD,69.99
parts,openprovider,USD,47
party,openprovider,USD,33
pavia.it,openprovider,USD,19.76
pc.it,openprovider,USD,19.76
pc.pl,openprovider,USD,0
pd.it,openprovider,USD,19.76
pe,openprovider,USD,105
pe.it,openprovider,USD,19.76
pe.kr,openprovider,USD,60
perugia.it,openprovider,USD,19.76
pesaro-urbino.it,openprovider,USD,19.76
pesarourbino.it,openprovider,USD,19.76
pescara.it,openprovider,USD,19.76
pet,openprovider,USD,24
pg.in,openprovider,USD,8.13
pg.it,openprovider,USD,19.76
ph,openprovider,USD,29.98
phd,openprovider,USD,24
photo,openprovider,USD,45.36
photography,openprovider,USD,41
photos,openprovider,USD,35
physio,openprovider,USD,120.36
pi.it,openprovider,USD,19.76
piacenza.it,openprovider,USD,19.76
pics,openprovider,USD,45.98
pictures,openprovider,USD,27
piedmont.it,openprovider,USD,19.76
piemonte.it,openprovider,USD,19.76
pila.pl,openprovider,USD,0
pink,openprovider,USD,26.5
pisa.it,openprovider,USD,19.76
pistoia.it,openprovider,USD,19.76
pisz.pl,openprovider,USD,0
pizza,openprovider,USD,65
pk,openprovider,USD,88
pl,openprovider,USD,0
place,openprovider,USD,32
plumbing,openprovider,USD,69
plus,openprovider,USD,59.98
pm,openprovider,USD,8.61
pmn.it,openprovider,USD,19.76
pn,openprovider,USD,216.79
pn.it,openprovider,USD,19.76
po.it,openprovider,USD,19.76
poa.br,openprovider,USD,0
podhale.pl,openprovider,USD,0
podlasie.pl,openprovider,USD,0
poker,openprovider,USD,53.01
polkowice.pl,openprovider,USD,0
pomorskie.pl,openprovider,USD,0
pomorze.pl,openprovider,USD,0
pordenone.it,openprovider,USD,19.76
porn,openprovider,USD,170.98
post.in,openprovider,USD,8.13
potenza.it,openprovider,USD,19.76
powiat.pl,openprovider,USD,0
pr.it,openprovider,USD,19.76
prato.it,openprovider,USD,19.76
prd.fr,openprovider,USD,61.94
press,openprovider,USD,79.98
presse.fr,openprovider,USD,61.94
pri.ee,openprovider,USD,0
priv.no,openprovider,USD,0
priv.pl,openprovider,USD,0
pro,openprovider,USD,26.98
pro.ec,openprovider,USD,39.95
pro.in,openprovider,USD,8.13
pro.vn,openprovider,USD,0
prochowice.pl,openprovider,USD,0
productions,openprovider,USD,45
prof,openprovider,USD,24
promo,openprovider,USD,26.98
properties,openprovider,USD,48
property,openprovider,USD,200.36
protection,openprovider,USD,4000.36
pruszkow.pl,openprovider,USD,0
przeworsk.pl,openprovider,USD,0
ps,openprovider,USD,65
pt,openprovider,USD,0
pt.it,openprovider,USD,19.76
pu.it,openprovider,USD,19.76
pub,openprovider,USD,45
pub.ec,openprovider,USD,39.95
pug.it,openprovider,USD,19.76
puglia.it,openprovider,USD,19.76
pulawy.pl,openprovider,USD,0
pv.it,openprovider,USD,19.76
pw,openprovider,USD,24.98
pz.it,openprovider,USD,19.76
qc.com,openprovider,USD,33
qh.cn,openprovider,USD,33.26
qpon,openprovider,USD,25
quebec,openprovider,USD,50.36
quest,openprovider,USD,20.98
ra.it,openprovider,USD,19.76
racing,openprovider,USD,33
radio,openprovider,USD,495.96
radio.am,openprovider,USD,23
radio.fm,openprovider,USD,23
radom.pl,openprovider,USD,0
ragusa.it,openprovider,USD,19.76
ravenna.it,openprovider,USD,19.76
rawa-maz.pl,openprovider,USD,0
rc.it,openprovider,USD,19.76
re,openprovider,USD,8.61
re.it,openprovider,USD,19.76
re.kr,openprovider,USD,60
realestate,openprovider,USD,136
realestate.pl,openprovider,USD,0
realty,openprovider,USD,308
rec.ro,openprovider,USD,18.56
recht.pro,openprovider,USD,222
recife.br,openprovider,USD,0
recipes,openprovider,USD,71
red,openprovider,USD,21.99
reggio-calabria.it,openprovider,USD,19.76
reggio-emilia.it,openprovider,USD,19.76
reggiocalabria.it,openprovider,USD,19.76
reggioemilia.it,openprovider,USD,19.76
rehab,openprovider,USD,49.86
reise,openprovider,USD,115
reisen,openprovider,USD,30.36
reit,openprovider,USD,2100.36
rel.pl,openprovider,USD,0
ren,openprovider,USD,38.56
rent,openprovider,USD,95
rentals,openprovider,USD,49
repair,openprovider,USD,33
report,openprovider,USD,26.98
republican,openprovider,USD,46.86
rest,openprovider,USD,50.36
restaurant,openprovider,USD,65
review,openprovider,USD,33
reviews,openprovider,USD,68
rg.it,openprovider,USD,19.76
ri.it,openprovider,USD,19.76
rich,openprovider,USD,3500
rieti.it,openprovider,USD,19.76
rimini.it,openprovider,USD,19.76
rio,openprovider,USD,21.36
rio.br,openprovider,USD,0
rio.ec,openprovider,USD,39.95
rip,openprovider,USD,31.99
rm.it,openprovider,USD,19.76
rn.it,openprovider,USD,19.76
ro,openprovider,USD,18.56
ro.it,openprovider,USD,19.76
rocks,openprovider,USD,24.5
rodeo,openprovider,USD,20
roma.it,openprovider,USD,19.76
rome.it,openprovider,USD,19.76
rovigo.it,openprovider,USD,19.76
rrpp.ec,openprovider,USD,39.95
rsvp,openprovider,USD,14.98
ru,openprovider,USD,3.11
ru.com,openprovider,USD,161.39
rugby,openprovider,USD,53
ruhr,openprovider,USD,49.92
run,openprovider,USD,27.99
rybnik.pl,openprovider,USD,0
ryukyu,openprovider,USD,13.58
rzeszow.pl,openprovider,USD,0
sa.com,openprovider,USD,399.99
sa.it,openprovider,USD,19.76
saarland,openprovider,USD,37.54
sale,openprovider,USD,48
salerno.it,openprovider,USD,19.76
salon,openprovider,USD,58
sanok.pl,openprovider,USD,0
sar.it,openprovider,USD,19.76
sardegna.it,openprovider,USD,19.76
sardinia.it,openprovider,USD,19.76
sarl,openprovider,USD,19
sassari.it,openprovider,USD,19.76
savona.it,openprovider,USD,19.76
sb,openprovider,USD,36.6
sbs,openprovider,USD,25
sc,openprovider,USD,99.98
sc.cn,openprovider,USD,33.26
sc.ke,openprovider,USD,175.91
sc.tz,openprovider,USD,0
sch.ng,nira,NGN,6000
sch.ng,openprovider,USD,0
school,openprovider,USD,33
school.nz,openprovider,USD,0
schule,openprovider,USD,32
science,openprovider,USD,33
scot,openprovider,USD,54.88
sd.cn,openprovider,USD,33.26
se,openprovider,USD,0
se.com,openprovider,USD,56.98
se.net,openprovider,USD,56.98
security,openprovider,USD,4000.36
sejny.pl,openprovider,USD,0
select,openprovider,USD,45
seoul.kr,openprovider,USD,60
services,openprovider,USD,44
sex,openprovider,USD,170.98
sex.pl,openprovider,USD,0
sexy,openprovider,USD,2600
sg,openprovider,USD,80
sh,openprovider,USD,78.75
sh.cn,openprovider,USD,33.26
shiksha,openprovider,USD,59
shoes,openprovider,USD,65
shop,openprovider,USD,55.98
shop.pl,openprovider,USD,0
shopping,openprovider,USD,27.6
show,openprovider,USD,49
si,openprovider,USD,0
si.it,openprovider,USD,19.76
sic.it,openprovider,USD,19.76
sicilia.it,openprovider,USD,19.76
sicily.it,openprovider,USD,19.76
siena.it,openprovider,USD,19.76
singles,openprovider,USD,49
siracusa.it,openprovider,USD,19.76
site,openprovider,USD,34.98
sjc.br,openprovider,USD,0
sk,openprovider,USD,58.84
ski,openprovider,USD,62
skin,openprovider,USD,20.98
sklep.pl,openprovider,USD,0
skoczow.pl,openprovider,USD,0
slask.pl,openprovider,USD,0
slupsk.pl,openprovider,USD,0
sm,openprovider,USD,239
sn,openprovider,USD,111.49
sn.cn,openprovider,USD,33.26
so,openprovider,USD,0
so.it,openprovider,USD,19.76
soccer,openprovider,USD,26.99
social,openprovider,USD,50
software,openprovider,USD,50
solar,openprovider,USD,65
solutions,openprovider,USD,36
sondrio.it,openprovider,USD,19.76
sos.pl,openprovider,USD,0
sosnowiec.pl,openprovider,USD,0
soy,openprovider,USD,36.36
sp.it,openprovider,USD,19.76
spa,openprovider,USD,40
space,openprovider,USD,32.98
sport,openprovider,USD,600.36
spreadbetting,openprovider,USD,40000.36
sr,openprovider,USD,71
sr.it,openprovider,USD,19.76
srl,openprovider,USD,52.36
ss.it,openprovider,USD,19.76
stalowa-wola.pl,openprovider,USD,0
starachowice.pl,openprovider,USD,0
stargard.pl,openprovider,USD,0
storage,openprovider,USD,1000.36
store,openprovider,USD,49.98
store.ro,openprovider,USD,18.56
stream,openprovider,USD,33
studio,openprovider,USD,46
study,openprovider,USD,49.98
style,openprovider,USD,45
su,openprovider,USD,0
sucks,openprovider,USD,398.36
suedtirol.it,openprovider,USD,19.76
supplies,openprovider,USD,26.98
supply,openprovider,USD,27.98
support,openprovider,USD,32
surf,openprovider,USD,48.98
surgery,openprovider,USD,55
suwalki.pl,openprovider,USD,0
sv.it,openprovider,USD,19.76
swidnica.pl,openprovider,USD,0
swiebodzin.pl,openprovider,USD,0
swinoujscie.pl,openprovider,USD,0
swiss,openprovider,USD,243.89
sx,openprovider,USD,50
sx.cn,openprovider,USD,33.26
sydney,openprovider,USD,73.21
systems,openprovider,USD,40
szczecin.pl,openprovider,USD,0
szczytno.pl,openprovider,USD,0
szkola.pl,openprovider,USD,0
ta.it,openprovider,USD,19.76
taa.it,openprovider,USD,19.76
taipei,openprovider,USD,28.36
taranto.it,openprovider,USD,19.76
targi.pl,openprovider,USD,0
tarnobrzeg.pl,openprovider,USD,0
tatar,openprovider,USD,11.58
tattoo,openprovider,USD,60.36
tax,openprovider,USD,68
taxi,openprovider,USD,65
tc,openprovider,USD,332
td,openprovider,USD,0
te.it,openprovider,USD,19.76
team,openprovider,USD,42
tech,openprovider,USD,59.98
tech.ec,openprovider,USD,39.95
technology,openprovider,USD,28
tel,openprovider,USD,27
tempio-olbia.it,openprovider,USD,19.76
tempioolbia.it,openprovider,USD,19.76
tennis,openprovider,USD,66
teramo.it,openprovider,USD,19.76
terni.it,openprovider,USD,19.76
tf,openprovider,USD,8.61
tgory.pl,openprovider,USD,0
theater,openprovider,USD,65
theatre,openprovider,USD,1000.36
tickets,openprovider,USD,700.36
tienda,openprovider,USD,59.99
tips,openprovider,USD,31
tires,openprovider,USD,160
tirol,openprovider,USD,61.91
tj.cn,openprovider,USD,33.26
tk,openprovider,USD,14.87
tl,openprovider,USD,37.99
tm,openprovider,USD,520
tm.fr,openprovider,USD,11.4
tm.mc,openprovider,USD,90
tm.pl,openprovider,USD,0
tm.ro,openprovider,USD,18.56
tn,openprovider,USD,557.46
tn.it,openprovider,USD,19.76
to.it,openprovider,USD,19.76
today,openprovider,USD,33.49
tokyo,openprovider,USD,13.58
tools,openprovider,USD,41
top,openprovider,USD,12.41
torino.it,openprovider,USD,19.76
tos.it,openprovider,USD,19.76
toscana.it,openprovider,USD,19.76
tourism.pl,openprovider,USD,0
tours,openprovider,USD,62
town,openprovider,USD,42
toys,openprovider,USD,65
tp.it,openprovider,USD,19.76
tr.it,openprovider,USD,19.76
trade,openprovider,USD,33
trading,openprovider,USD,32
training,openprovider,USD,47
trani-andria-barletta.it,openprovider,USD,19.76
trani-barletta-andria.it,openprovider,USD,19.76
traniandriabarletta.it,openprovider,USD,19.76
tranibarlettaandria.it,openprovider,USD,19.76
trapani.it,openprovider,USD,19.76
travel,openprovider,USD,145
travel.in,openprovider,USD,8.13
travel.pl,openprovider,USD,0
trentin-sud-tirol.it,openprovider,USD,19.76
trentin-sudtirol.it,openprovider,USD,19.76
trentin-sued-tirol.it,openprovider,USD,19.76
trentin-suedtirol.it,openprovider,USD,19.76
trentino-a-adige.it,openprovider,USD,19.76
trentino-aadige.it,openprovider,USD,19.76
trentino-alto-adige.it,openprovider,USD,19.76
trentino-altoadige.it,openprovider,USD,19.76
trentino-s-tirol.it,openprovider,USD,19.76
trentino-stirol.it,openprovider,USD,19.76
trentino-sud-tirol.it,openprovider,USD,19.76
trentino-sudtirol.it,openprovider,USD,19.76
trentino-sued-tirol.it,openprovider,USD,19.76
trentino-suedtirol.it,openprovider,USD,19.76
trentino.it,openprovider,USD,19.76
trentinoa-adige.it,openprovider,USD,19.76
trentinoaadige.it,openprovider,USD,19.76
trentinoalto-adige.it,openprovider,USD,19.76
trentinoaltoadige.it,openprovider,USD,19.76
trentinos-tirol.it,openprovider,USD,19.76
trentinostirol.it,openprovider,USD,19.76
trentinosud-tirol.it,openprovider,USD,19.76
trentinosudtirol.it,openprovider,USD,19.76
trentinosued-tirol.it,openprovider,USD,19.76
trentinosuedtirol.it,openprovider,USD,19.76
trentinsud-tirol.it,openprovider,USD,19.76
trentinsudtirol.it,openprovider,USD,19.76
trentinsued-tirol.it,openprovider,USD,19.76
trentinsuedtirol.it,openprovider,USD,19.76
trento.it,openprovider,USD,19.76
treviso.it,openprovider,USD,19.76
trieste.it,openprovider,USD,19.76
ts.it,openprovider,USD,19.76
tube,openprovider,USD,40.36
tur.br,openprovider,USD,35.24
tur.ec,openprovider,USD,49.95
turek.pl,openprovider,USD,0
turin.it,openprovider,USD,19.76
turystyka.pl,openprovider,USD,0
tuscany.it,openprovider,USD,19.76
tv,openprovider,USD,49.99
tv.br,openprovider,USD,0
tv.in,openprovider,USD,8.13
tv.it,openprovider,USD,19.76
tv.tz,openprovider,USD,0
tw,openprovider,USD,63.99
tw.cn,openprovider,USD,33.26
tychy.pl,openprovider,USD,0
tz,openprovider,USD,0
ua,openprovider,USD,188
ud.it,openprovider,USD,19.76
udine.it,openprovider,USD,19.76
uio.ec,openprovider,USD,39.95
uk,openprovider,USD,0
uk.com,openprovider,USD,46.32
uk.in,openprovider,USD,8.13
uk.net,openprovider,USD,46.32
uk.pr,openprovider,USD,294
umb.it,openprovider,USD,19.76
umbria.it,openprovider,USD,19.76
university,openprovider,USD,68
uno,openprovider,USD,27.98
up.in,openprovider,USD,8.13
urbino-pesaro.it,openprovider,USD,19.76
urbinopesaro.it,openprovider,USD,19.76
us,openprovider,USD,15.99
us.com,openprovider,USD,30
us.in,openprovider,USD,8.13
us.org,openprovider,USD,30
ustka.pl,openprovider,USD,0
uy,openprovider,USD,180
uy.com,openprovider,USD,66
va.it,openprovider,USD,19.76
vacations,openprovider,USD,48
val-d-aosta.it,openprovider,USD,19.76
val-daosta.it,openprovider,USD,19.76
vald-aosta.it,openprovider,USD,19.76
valdaosta.it,openprovider,USD,19.76
valle-aosta.it,openprovider,USD,19.76
valle-d-aosta.it,openprovider,USD,19.76
valle-daosta.it,openprovider,USD,19.76
valleaosta.it,openprovider,USD,19.76
valled-aosta.it,openprovider,USD,19.76
valledaosta.it,openprovider,USD,19.76
vallee-aoste.it,openprovider,USD,19.76
vallee-d-aoste.it,openprovider,USD,19.76
valleeaoste.it,openprovider,USD,19.76
valleedaoste.it,openprovider,USD,19.76
vana,openprovider,USD,2225
vao.it,openprovider,USD,19.76
varese.it,openprovider,USD,19.76
vb.it,openprovider,USD,19.76
vc,openprovider,USD,51
vc.it,openprovider,USD,19.76
vda.it,openprovider,USD,19.76
ve.it,openprovider,USD,19.76
vegas,openprovider,USD,80.26
ven.it,openprovider,USD,19.76
veneto.it,openprovider,USD,19.76
venezia.it,openprovider,USD,19.76
venice.it,openprovider,USD,19.76
ventures,openprovider,USD,59
verbania.it,openprovider,USD,19.76
vercelli.it,openprovider,USD,19.76
verona.it,openprovider,USD,19.76
versicherung,openprovider,USD,245.65
vet,openprovider,USD,47
vg,openprovider,USD,108
vi.it,openprovider,USD,19.76
viajes,openprovider,USD,70.36
vibo-valentia.it,openprovider,USD,19.76
vibovalentia.it,openprovider,USD,19.76
vicenza.it,openprovider,USD,19.76
video,openprovider,USD,33
villas,openprovider,USD,59
vin,openprovider,USD,59
vip,openprovider,USD,16.98
vision,openprovider,USD,55
viterbo.it,openprovider,USD,19.76
vix.br,openprovider,USD,0
vlaanderen,openprovider,USD,49.92
vn,openprovider,USD,145
vodka,openprovider,USD,48.98
vote,openprovider,USD,71
voting,openprovider,USD,874.59
voto,openprovider,USD,100.36
voyage,openprovider,USD,58
vr.it,openprovider,USD,19.76
vs.it,openprovider,USD,19.76
vt.it,openprovider,USD,19.76
vuelos,openprovider,USD,20000.36
vv.it,openprovider,USD,19.76
walbrzych.pl,openprovider,USD,0
wales,openprovider,USD,27.08
wang,openprovider,USD,18
warmia.pl,openprovider,USD,0
warszawa.pl,openprovider,USD,0
watch,openprovider,USD,49
watches,openprovider,USD,280
waw.pl,openprovider,USD,0
web.za,openprovider,USD,0
webcam,openprovider,USD,33
website,openprovider,USD,22.99
wedding,openprovider,USD,48.98
wegrow.pl,openprovider,USD,0
wf,openprovider,USD,8.61
whoswho,openprovider,USD,10000.36
wielun.pl,openprovider,USD,0
wien,openprovider,USD,65.97
wiki,openprovider,USD,39.98
win,openprovider,USD,13.99
wine,openprovider,USD,59
wlocl.pl,openprovider,USD,0
wloclawek.pl,openprovider,USD,0
wodzislaw.pl,openprovider,USD,0
wolomin.pl,openprovider,USD,0
work,openprovider,USD,20
works,openprovider,USD,48
world,openprovider,USD,47
wroclaw.pl,openprovider,USD,0
ws,openprovider,USD,44.98
wtf,openprovider,USD,41
www.ro,openprovider,USD,18.56
xj.cn,openprovider,USD,33.26
xn--11b2bfp5fn6er.xn--h2brj9c8c,openprovider,USD,8.13
xn--1qqw23a,openprovider,USD,27.96
xn--2scrj9c,openprovider,USD,8.13
xn--3bst00m,openprovider,USD,1040.36
xn--3ds443g,openprovider,USD,400.36
xn--3hcrj9c,openprovider,USD,8.13
xn--45br5cyl,openprovider,USD,8.13
xn--45brj9c,openprovider,USD,8.13
xn--45q11c,openprovider,USD,400.36
xn--4gbrim,openprovider,USD,80
xn--55qx5d,openprovider,USD,53.72
xn--5tzm5g,openprovider,USD,19
xn--6frz82g,openprovider,USD,24.36
xn--6qq986b3xl,openprovider,USD,44.36
xn--80adxhks,openprovider,USD,18.58
xn--80asehdb,openprovider,USD,49.55
xn--80aswg,openprovider,USD,49.92
xn--9dbq2a,openprovider,USD,40
xn--balsan-sdtirol-nsb.it,openprovider,USD,19.76
xn--bozen-sdtirol-2ob.it,openprovider,USD,19.76
xn--bulsan-sdtirol-nsb.it,openprovider,USD,19.76
xn--c1avg,openprovider,USD,19.5
xn--cesena-forl-mcb.it,openprovider,USD,19.76
xn--cesenaforl-i8a.it,openprovider,USD,19.76
xn--czr694b,openprovider,USD,1150.59
xn--czrs0t,openprovider,USD,70.36
xn--czru2d,openprovider,USD,400.36
xn--d1acj3b,openprovider,USD,14.34
xn--d1alf,openprovider,USD,0
xn--d9b2bf3g1k.xn--s9brj9c,openprovider,USD,8.13
xn--e1a4c,openprovider,USD,16.35
xn--fhbed7t1n.xn--mgbbh1a71e,openprovider,USD,8.13
xn--fiq228c5hs,openprovider,USD,399.98
xn--fiqs8s,openprovider,USD,76
xn--fjq720a,openprovider,USD,132.36
xn--forl-cesena-fcb.it,openprovider,USD,19.76
xn--forlcesena-c8a.it,openprovider,USD,19.76
xn--fpcrj9c3d,openprovider,USD,8.13
xn--g2xx48c,openprovider,USD,600
xn--gecrj9c,openprovider,USD,8.13
xn--goc1b4ch5i8a.xn--fpcrj9c3d,openprovider,USD,8.13
xn--h2breg3eve,openprovider,USD,8.13
xn--h2brj9c,openprovider,USD,8.13
xn--h2brj9c8c,openprovider,USD,8.13
xn--hdb9cza1b,openprovider,USD,26
xn--hdc1b4ch5i.xn--gecrj9c,openprovider,USD,8.13
xn--hhbcm0s3h.xn--mgbgu82a,openprovider,USD,8.13
xn--hxt814e,openprovider,USD,400.36
xn--i1b1b4ch5i.xn--h2brj9c,openprovider,USD,8.13
xn--i1b6b1a6a2e,openprovider,USD,19.5
xn--imr513n,openprovider,USD,181.58
xn--io0a7i,openprovider,USD,53.72
xn--j6w193g,openprovider,USD,0
xn--kpry57d,openprovider,USD,66
xn--mgbaam7a8h,openprovider,USD,0
xn--mgbab2bd,openprovider,USD,30.36
xn--mgbbh1a,openprovider,USD,8.13
xn--mgbbh1a71e,openprovider,USD,8.13
xn--mgbcpq6gpa1a,openprovider,USD,145
xn--mgbgu82a,openprovider,USD,8.13
xn--mk1bu44c,openprovider,USD,19
xn--ngbc5azd,openprovider,USD,21
xn--node,openprovider,USD,148.65
xn--nqv7f,openprovider,USD,19.5
xn--nyqy26a,openprovider,USD,3600.36
xn--p1acf,openprovider,USD,21.98
xn--p1ai,openprovider,USD,3.11
xn--p5b2bfp5fh3fra.xn--45brj9c,openprovider,USD,8.13
xn--p5b2bfp5fn6er.xn--45br5cyl,openprovider,USD,8.13
xn--q9jyb4c,openprovider,USD,15.39
xn--qxa6a,openprovider,USD,16.35
xn--qxam,openprovider,USD,0
xn--rhqv96g,openprovider,USD,40.36
xn--rvc1e0am3e,openprovider,USD,8.13
xn--s9brj9c,openprovider,USD,8.13
xn--sdtirol-n2a.it,openprovider,USD,19.76
xn--ses554g,openprovider,USD,339.55
xn--t60b56a,openprovider,USD,19
xn--tckwe,openprovider,USD,19
xn--trentin-sd-tirol-rzb.it,openprovider,USD,19.76
xn--trentin-sdtirol-7vb.it,openprovider,USD,19.76
xn--trentino-sd-tirol-c3b.it,openprovider,USD,19.76
xn--trentino-sdtirol-szb.it,openprovider,USD,19.76
xn--trentinosd-tirol-rzb.it,openprovider,USD,19.76
xn--trentinosdtirol-7vb.it,openprovider,USD,19.76
xn--trentinsd-tirol-6vb.it,openprovider,USD,19.76
xn--trentinsdtirol-nsb.it,openprovider,USD,19.76
xn--unup4y,openprovider,USD,132.36
xn--valle-aoste-ebb.it,openprovider,USD,19.76
xn--valle-d-aoste-ehb.it,openprovider,USD,19.76
xn--valleaoste-e7a.it,openprovider,USD,19.76
xn--valledaoste-ebb.it,openprovider,USD,19.76
xn--vhquv,openprovider,USD,132.36
xn--vlccpku2dp3h.xn--xkc2dl3a5ee0h,openprovider,USD,8.13
xn--wgbl6a,openprovider,USD,0
xn--xhq521b,openprovider,USD,27.96
xn--xkc2dl3a5ee0h,openprovider,USD,8.13
xxx,openprovider,USD,170.98
xyz,openprovider,USD,20.98
xz.cn,openprovider,USD,33.26
yachts,openprovider,USD,20.98
yn.cn,openprovider,USD,33.26
yoga,openprovider,USD,48.98
yokohama,openprovider,USD,13.58
yt,openprovider,USD,8.61
za.bz,openprovider,USD,25.95
za.com,openprovider,USD,399.99
zachpomor.pl,openprovider,USD,0
zagan.pl,openprovider,USD,0
zarow.pl,openprovider,USD,0
zgora.pl,openprovider,USD,0
zgorzelec.pl,openprovider,USD,0
zip,openprovider,USD,12
zj.cn,openprovider,USD,33.26
zm,openprovider,USD,0
zone,openprovider,USD,48
zuerich,openprovider,USD,97.36